{
    "electrumx.kekku.li": {
        "pruning": "-",
        "s": "51002",
        "version": "1.2"
    },
    "hsmithsxurybd7uh.onion": {
        "pruning": "-",
        "s": "53012",
        "t": "53011",
        "version": "1.2"
    },
    "testnet.hsmiths.com": {
        "pruning": "-",
        "s": "53012",
        "t": "53011",
        "version": "1.2"
    },
    "testnet.qtornado.com": {
        "pruning": "-",
        "s": "51002",
        "t": "51001",
        "version": "1.2"
    },
    "testnet1.bauerj.eu": {
        "pruning": "-",
        "s": "50002",
        "t": "50001",
        "version": "1.2"
    }
}
